Dataset,DTWD,ROCKET,CIF,HIVE-COTE,GROWINGNN
AtrialFibrillation,23.56,24.89,25.11,29.33,34.18
BasicMotions,95.25,99.00,99.75,100.0,99.73
Epilepsy,96.30,99.08,98.38,100.0,98.31
ERing,92.91,98.05,95.65,94.26,26.24
FingerMovements,54.17,55.27,53.90,53.77,57.40
Libras,88.04,90.61,91.67,90.28,79.36
LSST,54.76,63.15,56.17,53.84,37.51
NATOPS,82.04,88.54,84.41,82.85,43.93
RacketSports,85.64,92.79,89.30,90.64,78.55
StandWalkJump,22.00,45.56,45.11,40.67,49.19
UWaveGestureLibrary,92.28,94.43,92.42,91.31,35.26
