Dataset,DTW,FCN,ResNet,MLP,AdaFSNet
ArticularyWordRecognition,0.987,0.953,0.853,0.353,0.973
AtrialFibrillation,0.345,0.265,0.325,0.4,0.525
BasicMotions,0.975,1.0,1.0,0.275,1.0
CharacterTrajectories,0.986,0.974,0.993,0.618,0.979
Cricket,1.0,0.963,0.874,0.454,1.0
DuckDuckGeese,0.544,0.572,0.581,0.456,0.622
Epilepsy,0.965,1.0,0.961,0.273,0.985
ERing,0.333,0.466,0.866,0.366,0.733
FaceDetection,0.519,0.664,0.632,0.312,0.684
FingerMovements,0.531,0.6,0.585,0.534,0.642
HandMovementDirection,0.271,0.227,0.405,0.383,0.383
Handwriting,0.286,0.302,0.354,0.186,0.456
JapaneseVowels,0.949,0.962,0.986,0.853,0.983
Libras,0.872,0.872,0.944,0.325,0.901
MotorImagery,0.558,0.51,0.51,0.258,0.534
NATOPS,0.883,0.938,0.88,0.876,0.916
PenDigits,0.975,0.938,0.962,0.952,0.962
PhonemeSpectra,0.172,0.218,0.232,0.097,0.215
RacketSports,0.803,0.841,0.835,0.356,0.678
SelfRegulationSCP1,0.775,0.624,0.756,0.432,0.876
UWaveGestureLibrary,0.903,0.553,0.837,0.532,0.912
Win,4.0,4.0,4.0,0.0,12.0
